{
  "Hapoel Midtown Jerusalem": {
    "pts": 95.6,
    "adj_off": 131.79471472470738,
    "adj_def": 112.95376875639147,
    "adj_t": 72.53705142857143,
    "code": "JER",
    "gp": 15,
    "allowed": {
      "pts": 81.93333333333334
    },
    "four_factors": {
      "efg": 51.5,
      "tov": 15.0,
      "orb": 30.0,
      "ftr": 34.0
    }
  },
  "Bahcesehir College Istanbul": {
    "pts": 89.4,
    "adj_off": 123.24735874883726,
    "adj_def": 112.86186170288748,
    "adj_t": 72.53705142857143,
    "code": "BAH",
    "gp": 15,
    "allowed": {
      "pts": 81.86666666666666
    },
    "four_factors": {
      "efg": 51.5,
      "tov": 15.0,
      "orb": 30.0,
      "ftr": 34.0
    }
  },
  "Cedevita Olimpija Ljubljana": {
    "pts": 87.33333333333333,
    "adj_off": 120.39824009021385,
    "adj_def": 107.71506670666462,
    "adj_t": 72.53705142857143,
    "code": "LJU",
    "gp": 15,
    "allowed": {
      "pts": 78.13333333333334
    },
    "four_factors": {
      "efg": 51.5,
      "tov": 15.0,
      "orb": 30.0,
      "ftr": 34.0
    }
  },
  "BAXI Manresa": {
    "pts": 88.8,
    "adj_off": 122.42019526730141,
    "adj_def": 122.69591642781337,
    "adj_t": 72.53705142857143,
    "code": "MAN",
    "gp": 15,
    "allowed": {
      "pts": 89.0
    },
    "four_factors": {
      "efg": 51.5,
      "tov": 15.0,
      "orb": 30.0,
      "ftr": 34.0
    }
  },
  "Umana Reyer Venice": {
    "pts": 88.86666666666666,
    "adj_off": 123.68979749391293,
    "adj_def": 120.53491893817923,
    "adj_t": 71.8464,
    "code": "VNC",
    "gp": 15,
    "allowed": {
      "pts": 86.6
    },
    "four_factors": {
      "efg": 53.3,
      "tov": 13.1,
      "orb": 26.8,
      "ftr": 29.5
    },
    "fg3a": 25.0
  },
  "U-BT Cluj-Napoca": {
    "pts": 93.86666666666666,
    "adj_off": 126.38012844816693,
    "adj_def": 122.78978388998038,
    "adj_t": 74.27327999999999,
    "code": "CLU",
    "gp": 15,
    "allowed": {
      "pts": 91.2
    },
    "four_factors": {
      "efg": 56.9,
      "tov": 14.1,
      "orb": 32.6,
      "ftr": 35.1
    },
    "fg3a": 25.0
  },
  "Aris Thessaloniki Betsson": {
    "pts": 83.06666666666666,
    "adj_off": 114.51618866595913,
    "adj_def": 122.87973053482133,
    "adj_t": 72.53705142857143,
    "code": "ARI",
    "gp": 15,
    "allowed": {
      "pts": 89.13333333333334
    },
    "four_factors": {
      "efg": 51.8,
      "tov": 15.0,
      "orb": 29.9,
      "ftr": 36.6
    },
    "fg3a": 25.0
  },
  "Neptunas Klaipeda": {
    "pts": 92.6,
    "adj_off": 125.95760424828069,
    "adj_def": 132.30535968195935,
    "adj_t": 73.51679999999999,
    "code": "KLA",
    "gp": 15,
    "allowed": {
      "pts": 97.26666666666667
    },
    "four_factors": {
      "efg": 54.2,
      "tov": 13.3,
      "orb": 31.6,
      "ftr": 38.9
    },
    "fg3a": 25.0
  },
  "Slask Wroclaw": {
    "pts": 83.8,
    "adj_off": 115.52716625450292,
    "adj_def": 127.47508321002033,
    "adj_t": 72.53705142857143,
    "code": "WRO",
    "gp": 15,
    "allowed": {
      "pts": 92.46666666666667
    },
    "four_factors": {
      "efg": 50.2,
      "tov": 15.0,
      "orb": 27.9,
      "ftr": 33.2
    },
    "fg3a": 25.0
  },
  "Veolia Towers Hamburg": {
    "pts": 80.33333333333333,
    "adj_off": 110.74799947229594,
    "adj_def": 132.43806409923525,
    "adj_t": 72.53705142857143,
    "code": "HAM",
    "gp": 15,
    "allowed": {
      "pts": 96.06666666666666
    },
    "four_factors": {
      "efg": 51.5,
      "tov": 15.0,
      "orb": 30.0,
      "ftr": 34.0
    }
  },
  "Besiktas GAIN Istanbul": {
    "pts": 92.46666666666667,
    "adj_off": 127.47508321002033,
    "adj_def": 114.60809571946314,
    "adj_t": 72.53705142857143,
    "code": "BES",
    "gp": 15,
    "allowed": {
      "pts": 83.13333333333334
    },
    "four_factors": {
      "efg": 51.5,
      "tov": 15.0,
      "orb": 30.0,
      "ftr": 34.0
    }
  },
  "Cosea JL Bourg-en-Bresse": {
    "pts": 81.86666666666666,
    "adj_off": 112.86186170288748,
    "adj_def": 104.40641278052134,
    "adj_t": 72.53705142857143,
    "code": "BOU",
    "gp": 15,
    "allowed": {
      "pts": 75.73333333333333
    },
    "four_factors": {
      "efg": 54.5,
      "tov": 13.1,
      "orb": 29.9,
      "ftr": 31.0
    },
    "fg3a": 25.0
  },
  "Turk Telekom Ankara": {
    "pts": 87.8,
    "adj_off": 125.76086757237412,
    "adj_def": 107.33121879373464,
    "adj_t": 69.81503999999998,
    "code": "TTK",
    "gp": 15,
    "allowed": {
      "pts": 74.93333333333334
    },
    "four_factors": {
      "efg": 55.0,
      "tov": 14.0,
      "orb": 29.4,
      "ftr": 32.9
    },
    "fg3a": 25.0
  },
  "Buducnost VOLI Podgorica": {
    "pts": 86.8,
    "adj_off": 119.66298366218201,
    "adj_def": 110.83990652579993,
    "adj_t": 72.53705142857143,
    "code": "BUD",
    "gp": 15,
    "allowed": {
      "pts": 80.4
    },
    "four_factors": {
      "efg": 51.5,
      "tov": 15.0,
      "orb": 30.0,
      "ftr": 34.0
    }
  },
  "Dolomiti Energia Trento": {
    "pts": 83.73333333333333,
    "adj_off": 115.05675155949532,
    "adj_def": 118.17134515266636,
    "adj_t": 72.77568000000001,
    "code": "TRN",
    "gp": 15,
    "allowed": {
      "pts": 86.0
    },
    "four_factors": {
      "efg": 49.9,
      "tov": 13.1,
      "orb": 29.1,
      "ftr": 27.9
    },
    "fg3a": 25.0
  },
  "NINERS Chemnitz": {
    "pts": 81.66666666666667,
    "adj_off": 112.58614054237557,
    "adj_def": 111.66707000733575,
    "adj_t": 72.53705142857143,
    "code": "NIN",
    "gp": 15,
    "allowed": {
      "pts": 81.0
    },
    "four_factors": {
      "efg": 51.5,
      "tov": 15.0,
      "orb": 30.0,
      "ftr": 34.0
    }
  },
  "ratiopharm ulm": {
    "pts": 83.06666666666666,
    "adj_off": 115.38267785600833,
    "adj_def": 124.64292487494961,
    "adj_t": 71.99232,
    "code": "ULM",
    "gp": 15,
    "allowed": {
      "pts": 89.73333333333333
    },
    "four_factors": {
      "efg": 54.1,
      "tov": 13.9,
      "orb": 30.9,
      "ftr": 30.7
    },
    "fg3a": 25.0
  },
  "London Lions": {
    "pts": 74.26666666666667,
    "adj_off": 100.98834409575362,
    "adj_def": 109.32849459558247,
    "adj_t": 73.53984000000001,
    "code": "LLI",
    "gp": 15,
    "allowed": {
      "pts": 80.4
    },
    "four_factors": {
      "efg": 53.7,
      "tov": 14.0,
      "orb": 28.9,
      "ftr": 34.7
    },
    "fg3a": 25.0
  },
  "Lietkabelis Panevezys": {
    "pts": 79.0,
    "adj_off": 108.90985840221636,
    "adj_def": 119.20344839466213,
    "adj_t": 72.53705142857143,
    "code": "LKB",
    "gp": 15,
    "allowed": {
      "pts": 86.46666666666667
    },
    "four_factors": {
      "efg": 52.7,
      "tov": 14.9,
      "orb": 31.7,
      "ftr": 34.5
    },
    "fg3a": 25.0
  },
  "Panionios Cosmorama Travel Athens": {
    "pts": 75.6,
    "adj_off": 104.22259867351336,
    "adj_def": 121.96065999978151,
    "adj_t": 72.53705142857143,
    "code": "NIO",
    "gp": 15,
    "allowed": {
      "pts": 88.46666666666667
    },
    "four_factors": {
      "efg": 51.5,
      "tov": 15.0,
      "orb": 30.0,
      "ftr": 34.0
    }
  }
}