{
  "Hapoel IBI Tel Aviv": {
    "pts": 86.81818181818181,
    "adj_off": 125.99831565979368,
    "adj_def": 117.55444947945148,
    "adj_t": 68.90424,
    "code": "HTA",
    "gp": 22,
    "allowed": {
      "pts": 81.0
    },
    "four_factors": {
      "efg": 52.0,
      "tov": 14.0,
      "orb": 30.0,
      "ftr": 28.0
    }
  },
  "Fenerbahce Beko Istanbul": {
    "pts": 82.13636363636364,
    "adj_off": 121.07821821749707,
    "adj_def": 117.59395294505109,
    "adj_t": 67.83744,
    "code": "ULK",
    "gp": 22,
    "allowed": {
      "pts": 79.77272727272727
    },
    "four_factors": {
      "efg": 54.9,
      "tov": 13.2,
      "orb": 30.7,
      "ftr": 30.3
    },
    "fg3a": 25.0
  },
  "AS Monaco": {
    "pts": 91.04347826086956,
    "adj_off": 130.55748419842942,
    "adj_def": 120.2700033518483,
    "adj_t": 69.7344,
    "code": "MCO",
    "gp": 23,
    "allowed": {
      "pts": 83.8695652173913
    },
    "four_factors": {
      "efg": 54.0,
      "tov": 10.5,
      "orb": 32.1,
      "ftr": 32.8
    },
    "fg3a": 25.0
  },
  "Valencia Basket": {
    "pts": 90.1304347826087,
    "adj_off": 131.05230257568036,
    "adj_def": 124.0982488934204,
    "adj_t": 68.7744,
    "code": "PAM",
    "gp": 23,
    "allowed": {
      "pts": 85.34782608695652
    },
    "four_factors": {
      "efg": 54.2,
      "tov": 13.0,
      "orb": 31.0,
      "ftr": 30.3
    },
    "fg3a": 25.0
  },
  "Real Madrid": {
    "pts": 87.65217391304348,
    "adj_off": 125.81902191887188,
    "adj_def": 119.0163069440916,
    "adj_t": 69.66528000000001,
    "code": "MAD",
    "gp": 23,
    "allowed": {
      "pts": 82.91304347826087
    },
    "four_factors": {
      "efg": 55.5,
      "tov": 12.8,
      "orb": 32.6,
      "ftr": 32.0
    },
    "fg3a": 25.0
  },
  "FC Barcelona": {
    "pts": 85.04347826086956,
    "adj_off": 123.9047730246995,
    "adj_def": 121.18089509010743,
    "adj_t": 68.63615999999999,
    "code": "BAR",
    "gp": 23,
    "allowed": {
      "pts": 83.17391304347827
    },
    "four_factors": {
      "efg": 55.4,
      "tov": 13.1,
      "orb": 32.0,
      "ftr": 30.4
    },
    "fg3a": 25.0
  },
  "Olympiacos Piraeus": {
    "pts": 89.54545454545455,
    "adj_off": 129.7597729001101,
    "adj_def": 121.6580205819814,
    "adj_t": 69.00864,
    "code": "OLY",
    "gp": 22,
    "allowed": {
      "pts": 83.95454545454545
    },
    "four_factors": {
      "efg": 54.3,
      "tov": 13.1,
      "orb": 31.3,
      "ftr": 35.3
    },
    "fg3a": 25.0
  },
  "Panathinaikos AKTOR Athens": {
    "pts": 87.30434782608695,
    "adj_off": 126.64609651502232,
    "adj_def": 122.54649677723526,
    "adj_t": 68.93568,
    "code": "PAN",
    "gp": 23,
    "allowed": {
      "pts": 84.47826086956522
    },
    "four_factors": {
      "efg": 54.5,
      "tov": 12.9,
      "orb": 29.8,
      "ftr": 34.6
    },
    "fg3a": 25.0
  },
  "Zalgiris Kaunas": {
    "pts": 88.1304347826087,
    "adj_off": 129.45250187811504,
    "adj_def": 120.38380169721106,
    "adj_t": 68.07936000000001,
    "code": "ZAL",
    "gp": 23,
    "allowed": {
      "pts": 81.95652173913044
    },
    "four_factors": {
      "efg": 53.7,
      "tov": 14.1,
      "orb": 32.2,
      "ftr": 31.9
    },
    "fg3a": 25.0
  },
  "Crvena Zvezda Meridianbet Belgrade": {
    "pts": 86.1304347826087,
    "adj_off": 125.76282996713026,
    "adj_def": 124.23920153744265,
    "adj_t": 68.4864,
    "code": "RED",
    "gp": 23,
    "allowed": {
      "pts": 85.08695652173913
    },
    "four_factors": {
      "efg": 52.0,
      "tov": 12.9,
      "orb": 32.1,
      "ftr": 30.2
    },
    "fg3a": 25.0
  },
  "Virtus Bologna": {
    "pts": 82.30434782608695,
    "adj_off": 117.67554580566313,
    "adj_def": 118.11069045470677,
    "adj_t": 69.94175999999999,
    "code": "VIR",
    "gp": 23,
    "allowed": {
      "pts": 82.6086956521739
    },
    "four_factors": {
      "efg": 53.5,
      "tov": 13.8,
      "orb": 29.0,
      "ftr": 33.1
    },
    "fg3a": 25.0
  },
  "EA7 Emporio Armani Milan": {
    "pts": 84.08695652173913,
    "adj_off": 122.85483015897793,
    "adj_def": 124.82406476855826,
    "adj_t": 68.44416000000001,
    "code": "MIL",
    "gp": 23,
    "allowed": {
      "pts": 85.43478260869566
    },
    "four_factors": {
      "efg": 53.3,
      "tov": 12.5,
      "orb": 28.5,
      "ftr": 30.3
    },
    "fg3a": 25.0
  },
  "Dubai Basketball": {
    "pts": 85.56521739130434,
    "adj_off": 124.17990154351072,
    "adj_def": 127.52417734727398,
    "adj_t": 68.90424,
    "code": "DUB",
    "gp": 23,
    "allowed": {
      "pts": 87.8695652173913
    },
    "four_factors": {
      "efg": 52.0,
      "tov": 14.0,
      "orb": 30.0,
      "ftr": 28.0
    }
  },
  "Maccabi Rapyd Tel Aviv": {
    "pts": 89.04347826086956,
    "adj_off": 126.07876140224803,
    "adj_def": 130.01872269606827,
    "adj_t": 70.62527999999998,
    "code": "TEL",
    "gp": 23,
    "allowed": {
      "pts": 91.82608695652173
    },
    "four_factors": {
      "efg": 54.0,
      "tov": 12.4,
      "orb": 30.6,
      "ftr": 31.4
    },
    "fg3a": 25.0
  },
  "Kosner Baskonia Vitoria-Gasteiz": {
    "pts": 85.78260869565217,
    "adj_off": 124.4953992608469,
    "adj_def": 129.22786502088923,
    "adj_t": 68.90424,
    "code": "BAS",
    "gp": 23,
    "allowed": {
      "pts": 89.04347826086956
    },
    "four_factors": {
      "efg": 54.3,
      "tov": 12.9,
      "orb": 31.4,
      "ftr": 31.0
    },
    "fg3a": 25.0
  },
  "FC Bayern Munich": {
    "pts": 78.8695652173913,
    "adj_off": 115.84945160675908,
    "adj_def": 122.74677287110858,
    "adj_t": 68.07936,
    "code": "MUN",
    "gp": 23,
    "allowed": {
      "pts": 83.56521739130434
    },
    "four_factors": {
      "efg": 53.6,
      "tov": 12.9,
      "orb": 30.0,
      "ftr": 26.8
    },
    "fg3a": 25.0
  },
  "Paris Basketball": {
    "pts": 89.77272727272727,
    "adj_off": 130.28621645449869,
    "adj_def": 134.310246431068,
    "adj_t": 68.90424,
    "code": "PRS",
    "gp": 22,
    "allowed": {
      "pts": 92.54545454545455
    },
    "four_factors": {
      "efg": 52.0,
      "tov": 14.0,
      "orb": 30.0,
      "ftr": 28.0
    }
  },
  "Partizan Mozzart Bet Belgrade": {
    "pts": 78.91304347826087,
    "adj_off": 115.03090813954904,
    "adj_def": 129.67120553912798,
    "adj_t": 68.6016,
    "code": "PAR",
    "gp": 23,
    "allowed": {
      "pts": 88.95652173913044
    },
    "four_factors": {
      "efg": 52.3,
      "tov": 14.2,
      "orb": 32.8,
      "ftr": 36.5
    },
    "fg3a": 25.0
  },
  "Anadolu Efes Istanbul": {
    "pts": 77.6086956521739,
    "adj_off": 112.80753419338556,
    "adj_def": 120.83361645812505,
    "adj_t": 68.79744,
    "code": "IST",
    "gp": 23,
    "allowed": {
      "pts": 83.1304347826087
    },
    "four_factors": {
      "efg": 55.0,
      "tov": 12.4,
      "orb": 29.1,
      "ftr": 29.5
    },
    "fg3a": 25.0
  },
  "LDLC ASVEL Villeurbanne": {
    "pts": 77.17391304347827,
    "adj_off": 112.13800462228436,
    "adj_def": 125.02597811126802,
    "adj_t": 68.82047999999999,
    "code": "ASV",
    "gp": 23,
    "allowed": {
      "pts": 86.04347826086956
    },
    "four_factors": {
      "efg": 52.2,
      "tov": 14.0,
      "orb": 29.2,
      "ftr": 29.5
    },
    "fg3a": 25.0
  }
}