{
  "Atlanta Hawks": {
    "pts": 117.4,
    "fg3a": 39.2,
    "adj_off": 113.4,
    "adj_def": 114.6,
    "adj_t": 103.12,
    "four_factors": {
      "efg": 55.400000000000006,
      "tov": 14.299999999999999,
      "orb": 27.0,
      "ftr": 23.380900109769488
    },
    "allowed": {
      "pts": 118.7,
      "ast": 27.6,
      "reb": 46.3,
      "fg3a": 37.5
    },
    "conf": "NBA"
  },
  "Boston Celtics": {
    "pts": 116.9,
    "fg3a": 42.7,
    "adj_off": 121.2,
    "adj_def": 114.0,
    "adj_t": 96.19,
    "four_factors": {
      "efg": 55.7,
      "tov": 12.4,
      "orb": 33.4,
      "ftr": 20.787746170678336
    },
    "allowed": {
      "pts": 110.3,
      "ast": 25.8,
      "reb": 42.2,
      "fg3a": 39.4
    },
    "conf": "NBA"
  },
  "Brooklyn Nets": {
    "pts": 108.3,
    "fg3a": 40.9,
    "adj_off": 111.5,
    "adj_def": 117.7,
    "adj_t": 96.67,
    "four_factors": {
      "efg": 52.7,
      "tov": 15.6,
      "orb": 30.0,
      "ftr": 27.283372365339574
    },
    "allowed": {
      "pts": 114.8,
      "ast": 27.9,
      "reb": 43.4,
      "fg3a": 33.7
    },
    "conf": "NBA"
  },
  "Charlotte Hornets": {
    "pts": 116.0,
    "fg3a": 41.0,
    "adj_off": 116.7,
    "adj_def": 116.0,
    "adj_t": 98.83,
    "four_factors": {
      "efg": 54.7,
      "tov": 15.7,
      "orb": 34.699999999999996,
      "ftr": 25.842696629213485
    },
    "allowed": {
      "pts": 115.5,
      "ast": 27.6,
      "reb": 39.9,
      "fg3a": 36.3
    },
    "conf": "NBA"
  },
  "Chicago Bulls": {
    "pts": 117.9,
    "fg3a": 39.5,
    "adj_off": 114.6,
    "adj_def": 116.7,
    "adj_t": 102.23,
    "four_factors": {
      "efg": 55.7,
      "tov": 13.8,
      "orb": 28.000000000000004,
      "ftr": 23.841059602649008
    },
    "allowed": {
      "pts": 119.7,
      "ast": 27.7,
      "reb": 44.9,
      "fg3a": 37.5
    },
    "conf": "NBA"
  },
  "Cleveland Cavaliers": {
    "pts": 119.1,
    "fg3a": 41.4,
    "adj_off": 116.4,
    "adj_def": 114.0,
    "adj_t": 102.01,
    "four_factors": {
      "efg": 55.00000000000001,
      "tov": 14.099999999999998,
      "orb": 30.5,
      "ftr": 25.272331154684096
    },
    "allowed": {
      "pts": 116.9,
      "ast": 27.1,
      "reb": 44.4,
      "fg3a": 37.1
    },
    "conf": "NBA"
  },
  "Dallas Mavericks": {
    "pts": 114.3,
    "fg3a": 32.4,
    "adj_off": 110.3,
    "adj_def": 112.4,
    "adj_t": 102.46,
    "four_factors": {
      "efg": 53.5,
      "tov": 14.7,
      "orb": 27.6,
      "ftr": 27.99552071668533
    },
    "allowed": {
      "pts": 116.5,
      "ast": 26.7,
      "reb": 47.0,
      "fg3a": 35.7
    },
    "conf": "NBA"
  },
  "Denver Nuggets": {
    "pts": 120.7,
    "fg3a": 35.2,
    "adj_off": 121.0,
    "adj_def": 116.4,
    "adj_t": 98.89,
    "four_factors": {
      "efg": 57.49999999999999,
      "tov": 12.6,
      "orb": 27.800000000000004,
      "ftr": 28.702640642939155
    },
    "allowed": {
      "pts": 116.2,
      "ast": 26.8,
      "reb": 43.3,
      "fg3a": 37.3
    },
    "conf": "NBA"
  },
  "Detroit Pistons": {
    "pts": 116.9,
    "fg3a": 32.0,
    "adj_off": 115.6,
    "adj_def": 108.5,
    "adj_t": 100.77,
    "four_factors": {
      "efg": 54.1,
      "tov": 15.8,
      "orb": 35.8,
      "ftr": 30.133928571428577
    },
    "allowed": {
      "pts": 110.0,
      "ast": 22.7,
      "reb": 41.3,
      "fg3a": 36.3
    },
    "conf": "NBA"
  },
  "Golden State Warriors": {
    "pts": 116.8,
    "fg3a": 44.5,
    "adj_off": 115.6,
    "adj_def": 112.9,
    "adj_t": 100.66,
    "four_factors": {
      "efg": 55.50000000000001,
      "tov": 15.2,
      "orb": 30.099999999999998,
      "ftr": 24.831460674157306
    },
    "allowed": {
      "pts": 114.2,
      "ast": 26.6,
      "reb": 44.5,
      "fg3a": 35.7
    },
    "conf": "NBA"
  },
  "Houston Rockets": {
    "pts": 116.9,
    "fg3a": 30.8,
    "adj_off": 118.7,
    "adj_def": 112.5,
    "adj_t": 96.83,
    "four_factors": {
      "efg": 54.2,
      "tov": 15.8,
      "orb": 40.5,
      "ftr": 27.513812154696133
    },
    "allowed": {
      "pts": 110.8,
      "ast": 24.5,
      "reb": 38.7,
      "fg3a": 35.4
    },
    "conf": "NBA"
  },
  "Indiana Pacers": {
    "pts": 110.1,
    "fg3a": 36.7,
    "adj_off": 108.0,
    "adj_def": 115.9,
    "adj_t": 101.49,
    "four_factors": {
      "efg": 51.2,
      "tov": 14.099999999999998,
      "orb": 27.700000000000003,
      "ftr": 26.785714285714285
    },
    "allowed": {
      "pts": 118.2,
      "ast": 25.0,
      "reb": 47.1,
      "fg3a": 33.2
    },
    "conf": "NBA"
  },
  "LA Clippers": {
    "pts": 112.3,
    "fg3a": 35.8,
    "adj_off": 115.5,
    "adj_def": 116.5,
    "adj_t": 96.69,
    "four_factors": {
      "efg": 55.300000000000004,
      "tov": 15.6,
      "orb": 28.7,
      "ftr": 29.39759036144578
    },
    "allowed": {
      "pts": 113.5,
      "ast": 26.2,
      "reb": 42.2,
      "fg3a": 37.0
    },
    "conf": "NBA"
  },
  "Los Angeles Lakers": {
    "pts": 116.0,
    "fg3a": 34.1,
    "adj_off": 116.5,
    "adj_def": 117.0,
    "adj_t": 99.47,
    "four_factors": {
      "efg": 56.49999999999999,
      "tov": 15.1,
      "orb": 29.7,
      "ftr": 32.38095238095238
    },
    "allowed": {
      "pts": 116.2,
      "ast": 27.3,
      "reb": 40.6,
      "fg3a": 36.4
    },
    "conf": "NBA"
  },
  "Memphis Grizzlies": {
    "pts": 115.5,
    "fg3a": 38.3,
    "adj_off": 113.1,
    "adj_def": 114.3,
    "adj_t": 101.61,
    "four_factors": {
      "efg": 53.0,
      "tov": 15.1,
      "orb": 32.1,
      "ftr": 26.015367727771682
    },
    "allowed": {
      "pts": 116.6,
      "ast": 26.9,
      "reb": 44.9,
      "fg3a": 40.2
    },
    "conf": "NBA"
  },
  "Miami Heat": {
    "pts": 119.9,
    "fg3a": 36.7,
    "adj_off": 114.0,
    "adj_def": 112.8,
    "adj_t": 104.86,
    "four_factors": {
      "efg": 53.6,
      "tov": 13.600000000000001,
      "orb": 29.599999999999998,
      "ftr": 26.09158679446219
    },
    "allowed": {
      "pts": 118.4,
      "ast": 27.3,
      "reb": 47.2,
      "fg3a": 39.9
    },
    "conf": "NBA"
  },
  "Milwaukee Bucks": {
    "pts": 111.9,
    "fg3a": 37.4,
    "adj_off": 112.7,
    "adj_def": 116.1,
    "adj_t": 98.92,
    "four_factors": {
      "efg": 56.699999999999996,
      "tov": 14.799999999999999,
      "orb": 25.3,
      "ftr": 24.29577464788732
    },
    "allowed": {
      "pts": 115.5,
      "ast": 27.0,
      "reb": 44.7,
      "fg3a": 38.2
    },
    "conf": "NBA"
  },
  "Minnesota Timberwolves": {
    "pts": 120.0,
    "fg3a": 38.0,
    "adj_off": 117.3,
    "adj_def": 112.9,
    "adj_t": 101.38,
    "four_factors": {
      "efg": 56.3,
      "tov": 13.8,
      "orb": 30.599999999999998,
      "ftr": 29.14798206278027
    },
    "allowed": {
      "pts": 115.1,
      "ast": 26.0,
      "reb": 43.1,
      "fg3a": 34.9
    },
    "conf": "NBA"
  },
  "New Orleans Pelicans": {
    "pts": 115.1,
    "fg3a": 31.6,
    "adj_off": 112.3,
    "adj_def": 119.0,
    "adj_t": 101.63,
    "four_factors": {
      "efg": 52.400000000000006,
      "tov": 14.2,
      "orb": 31.4,
      "ftr": 27.83278327832783
    },
    "allowed": {
      "pts": 122.1,
      "ast": 28.9,
      "reb": 45.2,
      "fg3a": 41.1
    },
    "conf": "NBA"
  },
  "New York Knicks": {
    "pts": 117.8,
    "fg3a": 39.7,
    "adj_off": 119.0,
    "adj_def": 114.9,
    "adj_t": 98.97,
    "four_factors": {
      "efg": 55.1,
      "tov": 13.8,
      "orb": 33.5,
      "ftr": 24.779735682819386
    },
    "allowed": {
      "pts": 113.7,
      "ast": 25.0,
      "reb": 41.5,
      "fg3a": 38.8
    },
    "conf": "NBA"
  },
  "Oklahoma City Thunder": {
    "pts": 121.3,
    "fg3a": 36.8,
    "adj_off": 118.4,
    "adj_def": 105.5,
    "adj_t": 101.29,
    "four_factors": {
      "efg": 56.699999999999996,
      "tov": 11.899999999999999,
      "orb": 25.0,
      "ftr": 26.957494407158837
    },
    "allowed": {
      "pts": 108.0,
      "ast": 24.8,
      "reb": 45.3,
      "fg3a": 38.7
    },
    "conf": "NBA"
  },