{
  "Atlanta Hawks": {
    "pts": 117.8,
    "fg3a": 39.3,
    "adj_off": 113.5,
    "adj_def": 114.4,
    "adj_t": 103.26,
    "four_factors": {
      "efg": 55.50000000000001,
      "tov": 14.299999999999999,
      "orb": 27.0,
      "ftr": 23.355263157894736
    },
    "allowed": {
      "pts": 118.7,
      "ast": 27.6,
      "reb": 46.2,
      "fg3a": 37.4
    },
    "conf": "NBA"
  },
  "Boston Celtics": {
    "pts": 116.6,
    "fg3a": 42.5,
    "adj_off": 120.8,
    "adj_def": 113.6,
    "adj_t": 96.23,
    "four_factors": {
      "efg": 55.60000000000001,
      "tov": 12.5,
      "orb": 33.4,
      "ftr": 20.787746170678336
    },
    "allowed": {
      "pts": 109.9,
      "ast": 25.6,
      "reb": 42.3,
      "fg3a": 39.4
    },
    "conf": "NBA"
  },
  "Brooklyn Nets": {
    "pts": 107.9,
    "fg3a": 40.9,
    "adj_off": 110.9,
    "adj_def": 117.9,
    "adj_t": 96.79,
    "four_factors": {
      "efg": 52.400000000000006,
      "tov": 15.7,
      "orb": 29.7,
      "ftr": 27.283372365339574
    },
    "allowed": {
      "pts": 115.1,
      "ast": 27.7,
      "reb": 43.5,
      "fg3a": 33.5
    },
    "conf": "NBA"
  },
  "Charlotte Hornets": {
    "pts": 116.3,
    "fg3a": 41.0,
    "adj_off": 116.9,
    "adj_def": 115.4,
    "adj_t": 98.89,
    "four_factors": {
      "efg": 54.900000000000006,
      "tov": 15.9,
      "orb": 34.9,
      "ftr": 25.984251968503933
    },
    "allowed": {
      "pts": 115.0,
      "ast": 27.4,
      "reb": 39.8,
      "fg3a": 36.2
    },
    "conf": "NBA"
  },
  "Chicago Bulls": {
    "pts": 117.9,
    "fg3a": 39.7,
    "adj_off": 114.7,
    "adj_def": 117.0,
    "adj_t": 102.2,
    "four_factors": {
      "efg": 55.800000000000004,
      "tov": 13.8,
      "orb": 27.800000000000004,
      "ftr": 23.78318584070796
    },
    "allowed": {
      "pts": 119.9,
      "ast": 27.7,
      "reb": 44.7,
      "fg3a": 37.4
    },
    "conf": "NBA"
  },
  "Cleveland Cavaliers": {
    "pts": 119.0,
    "fg3a": 41.1,
    "adj_off": 116.4,
    "adj_def": 113.8,
    "adj_t": 101.87,
    "four_factors": {
      "efg": 55.1,
      "tov": 14.2,
      "orb": 30.5,
      "ftr": 25.46448087431694
    },
    "allowed": {
      "pts": 116.5,
      "ast": 26.9,
      "reb": 44.3,
      "fg3a": 37.1
    },
    "conf": "NBA"
  },
  "Dallas Mavericks": {
    "pts": 114.3,
    "fg3a": 32.4,
    "adj_off": 110.3,
    "adj_def": 112.4,
    "adj_t": 102.46,
    "four_factors": {
      "efg": 53.5,
      "tov": 14.7,
      "orb": 27.6,
      "ftr": 27.99552071668533
    },
    "allowed": {
      "pts": 116.5,
      "ast": 26.7,
      "reb": 47.0,
      "fg3a": 35.7
    },
    "conf": "NBA"
  },
  "Denver Nuggets": {
    "pts": 120.7,
    "fg3a": 35.2,
    "adj_off": 121.0,
    "adj_def": 116.4,
    "adj_t": 98.89,
    "four_factors": {
      "efg": 57.49999999999999,
      "tov": 12.6,
      "orb": 27.800000000000004,
      "ftr": 28.702640642939155
    },
    "allowed": {
      "pts": 116.2,
      "ast": 26.8,
      "reb": 43.3,
      "fg3a": 37.3
    },
    "conf": "NBA"
  },
  "Detroit Pistons": {
    "pts": 117.4,
    "fg3a": 32.0,
    "adj_off": 116.1,
    "adj_def": 108.6,
    "adj_t": 100.76,
    "four_factors": {
      "efg": 54.300000000000004,
      "tov": 15.9,
      "orb": 36.1,
      "ftr": 30.133928571428577
    },
    "allowed": {
      "pts": 110.1,
      "ast": 22.9,
      "reb": 41.1,
      "fg3a": 36.1
    },
    "conf": "NBA"
  },
  "Golden State Warriors": {
    "pts": 116.0,
    "fg3a": 44.6,
    "adj_off": 114.6,
    "adj_def": 111.9,
    "adj_t": 100.85,
    "four_factors": {
      "efg": 55.00000000000001,
      "tov": 15.2,
      "orb": 29.799999999999997,
      "ftr": 24.41209406494961
    },
    "allowed": {
      "pts": 113.4,
      "ast": 26.5,
      "reb": 44.9,
      "fg3a": 35.8
    },
    "conf": "NBA"
  },
  "Houston Rockets": {
    "pts": 116.7,
    "fg3a": 30.9,
    "adj_off": 118.5,
    "adj_def": 112.3,
    "adj_t": 96.88,
    "four_factors": {
      "efg": 54.1,
      "tov": 15.8,
      "orb": 40.6,
      "ftr": 27.403314917127076
    },
    "allowed": {
      "pts": 110.5,
      "ast": 24.5,
      "reb": 39.0,
      "fg3a": 35.5
    },
    "conf": "NBA"
  },
  "Indiana Pacers": {
    "pts": 110.2,
    "fg3a": 36.7,
    "adj_off": 108.0,
    "adj_def": 116.0,
    "adj_t": 101.67,
    "four_factors": {
      "efg": 51.2,
      "tov": 14.099999999999998,
      "orb": 27.6,
      "ftr": 26.785714285714285
    },
    "allowed": {
      "pts": 118.5,
      "ast": 25.2,
      "reb": 47.1,
      "fg3a": 33.4
    },
    "conf": "NBA"
  },
  "LA Clippers": {
    "pts": 112.6,
    "fg3a": 35.6,
    "adj_off": 115.7,
    "adj_def": 115.8,
    "adj_t": 96.81,
    "four_factors": {
      "efg": 55.400000000000006,
      "tov": 15.7,
      "orb": 28.599999999999998,
      "ftr": 29.589371980676333
    },
    "allowed": {
      "pts": 113.0,
      "ast": 26.1,
      "reb": 42.1,
      "fg3a": 37.1
    },
    "conf": "NBA"
  },
  "Los Angeles Lakers": {
    "pts": 116.3,
    "fg3a": 34.0,
    "adj_off": 116.7,
    "adj_def": 117.0,
    "adj_t": 99.5,
    "four_factors": {
      "efg": 56.699999999999996,
      "tov": 14.899999999999999,
      "orb": 29.299999999999997,
      "ftr": 32.41954707985697
    },
    "allowed": {
      "pts": 116.3,
      "ast": 27.4,
      "reb": 40.6,
      "fg3a": 36.7
    },
    "conf": "NBA"
  },
  "Memphis Grizzlies": {
    "pts": 115.2,
    "fg3a": 38.3,
    "adj_off": 112.8,
    "adj_def": 114.2,
    "adj_t": 101.55,
    "four_factors": {
      "efg": 52.7,
      "tov": 15.1,
      "orb": 32.300000000000004,
      "ftr": 25.683060109289617
    },
    "allowed": {
      "pts": 116.4,
      "ast": 27.0,
      "reb": 45.2,
      "fg3a": 40.1
    },
    "conf": "NBA"
  },
  "Miami Heat": {
    "pts": 119.7,
    "fg3a": 36.6,
    "adj_off": 113.9,
    "adj_def": 112.6,
    "adj_t": 104.79,
    "four_factors": {
      "efg": 53.5,
      "tov": 13.600000000000001,
      "orb": 29.7,
      "ftr": 26.198083067092654
    },
    "allowed": {
      "pts": 118.0,
      "ast": 27.1,
      "reb": 47.4,
      "fg3a": 39.8
    },
    "conf": "NBA"
  },
  "Milwaukee Bucks": {
    "pts": 111.9,
    "fg3a": 37.4,
    "adj_off": 112.6,
    "adj_def": 116.1,
    "adj_t": 98.93,
    "four_factors": {
      "efg": 56.699999999999996,
      "tov": 14.799999999999999,
      "orb": 25.3,
      "ftr": 24.29577464788732
    },
    "allowed": {
      "pts": 115.5,
      "ast": 27.0,
      "reb": 44.7,
      "fg3a": 38.2
    },
    "conf": "NBA"
  },
  "Minnesota Timberwolves": {
    "pts": 119.0,
    "fg3a": 37.9,
    "adj_off": 116.2,
    "adj_def": 112.0,
    "adj_t": 101.55,
    "four_factors": {
      "efg": 56.10000000000001,
      "tov": 14.2,
      "orb": 30.3,
      "ftr": 29.054054054054056
    },
    "allowed": {
      "pts": 114.3,
      "ast": 26.0,
      "reb": 43.2,
      "fg3a": 35.3
    },
    "conf": "NBA"
  },
  "New Orleans Pelicans": {
    "pts": 114.8,
    "fg3a": 31.7,
    "adj_off": 112.2,
    "adj_def": 118.7,
    "adj_t": 101.5,
    "four_factors": {
      "efg": 52.2,
      "tov": 14.2,
      "orb": 31.7,
      "ftr": 27.552140504939633
    },
    "allowed": {
      "pts": 121.5,
      "ast": 28.8,
      "reb": 45.3,
      "fg3a": 41.2
    },
    "conf": "NBA"
  },
  "New York Knicks": {
    "pts": 117.8,
    "fg3a": 39.7,
    "adj_off": 119.0,
    "adj_def": 114.9,
    "adj_t": 98.97,
    "four_factors": {
      "efg": 55.1,
      "tov": 13.8,
      "orb": 33.5,
      "ftr": 24.779735682819386
    },
    "allowed": {
      "pts": 113.7,
      "ast": 25.0,
      "reb": 41.5,
      "fg3a": 38.8
    },
    "conf": "NBA"
  },
  "Oklahoma City Thunder": {
    "pts": 120.8,
    "fg3a": 36.9,
    "adj_off": 118.1,
    "adj_def": 105.4,
    "adj_t": 101.22,
    "four_factors": {
      "efg": 56.599999999999994,
      "tov": 11.899999999999999,
      "orb": 24.7,
      "ftr": 27.272727272727277
    },
    "allowed": {
      "pts": 107.9,
      "ast": 24.9,
      "reb": 45.4,