{
  "Atlanta Hawks": {
    "pts": 117.5,
    "fg3a": 39.4,
    "adj_off": 113.4,
    "adj_def": 114.8,
    "adj_t": 103.13,
    "four_factors": {
      "efg": 55.300000000000004,
      "tov": 14.099999999999998,
      "orb": 26.900000000000002,
      "ftr": 23.43921139101862
    },
    "allowed": {
      "pts": 119.0,
      "ast": 27.7,
      "reb": 46.5,
      "fg3a": 37.6
    },
    "conf": "NBA"
  },
  "Boston Celtics": {
    "pts": 116.7,
    "fg3a": 42.7,
    "adj_off": 121.4,
    "adj_def": 114.0,
    "adj_t": 96.32,
    "four_factors": {
      "efg": 55.800000000000004,
      "tov": 12.6,
      "orb": 33.6,
      "ftr": 21.12211221122112
    },
    "allowed": {
      "pts": 110.0,
      "ast": 25.6,
      "reb": 41.8,
      "fg3a": 39.0
    },
    "conf": "NBA"
  },
  "Brooklyn Nets": {
    "pts": 109.0,
    "fg3a": 40.8,
    "adj_off": 112.3,
    "adj_def": 117.4,
    "adj_t": 96.92,
    "four_factors": {
      "efg": 53.2,
      "tov": 15.6,
      "orb": 30.099999999999998,
      "ftr": 27.315357561547483
    },
    "allowed": {
      "pts": 114.3,
      "ast": 27.7,
      "reb": 43.1,
      "fg3a": 33.4
    },
    "conf": "NBA"
  },
  "Charlotte Hornets": {
    "pts": 116.4,
    "fg3a": 41.1,
    "adj_off": 116.9,
    "adj_def": 116.7,
    "adj_t": 98.96,
    "four_factors": {
      "efg": 54.7,
      "tov": 15.6,
      "orb": 34.8,
      "ftr": 25.755879059350505
    },
    "allowed": {
      "pts": 116.4,
      "ast": 27.7,
      "reb": 39.8,
      "fg3a": 35.9
    },
    "conf": "NBA"
  },
  "Chicago Bulls": {
    "pts": 117.9,
    "fg3a": 39.4,
    "adj_off": 114.4,
    "adj_def": 116.8,
    "adj_t": 102.41,
    "four_factors": {
      "efg": 55.60000000000001,
      "tov": 13.8,
      "orb": 28.000000000000004,
      "ftr": 23.762376237623762
    },
    "allowed": {
      "pts": 120.0,
      "ast": 27.7,
      "reb": 45.0,
      "fg3a": 37.2
    },
    "conf": "NBA"
  },
  "Cleveland Cavaliers": {
    "pts": 119.6,
    "fg3a": 41.8,
    "adj_off": 116.5,
    "adj_def": 114.6,
    "adj_t": 102.3,
    "four_factors": {
      "efg": 55.1,
      "tov": 14.000000000000002,
      "orb": 30.2,
      "ftr": 25.1900108577633
    },
    "allowed": {
      "pts": 117.8,
      "ast": 27.4,
      "reb": 44.5,
      "fg3a": 36.9
    },
    "conf": "NBA"
  },
  "Dallas Mavericks": {
    "pts": 114.2,
    "fg3a": 32.5,
    "adj_off": 110.4,
    "adj_def": 112.6,
    "adj_t": 102.3,
    "four_factors": {
      "efg": 53.6,
      "tov": 14.7,
      "orb": 27.500000000000004,
      "ftr": 27.77155655095185
    },
    "allowed": {
      "pts": 116.6,
      "ast": 26.6,
      "reb": 47.0,
      "fg3a": 35.5
    },
    "conf": "NBA"
  },
  "Denver Nuggets": {
    "pts": 121.4,
    "fg3a": 35.2,
    "adj_off": 121.5,
    "adj_def": 117.0,
    "adj_t": 99.03,
    "four_factors": {
      "efg": 57.9,
      "tov": 12.7,
      "orb": 27.900000000000002,
      "ftr": 28.6697247706422
    },
    "allowed": {
      "pts": 117.0,
      "ast": 27.0,
      "reb": 43.1,
      "fg3a": 37.1
    },
    "conf": "NBA"
  },
  "Detroit Pistons": {
    "pts": 117.3,
    "fg3a": 31.8,
    "adj_off": 116.0,
    "adj_def": 108.5,
    "adj_t": 100.79,
    "four_factors": {
      "efg": 54.1,
      "tov": 15.7,
      "orb": 35.9,
      "ftr": 30.211817168338907
    },
    "allowed": {
      "pts": 110.1,
      "ast": 22.8,
      "reb": 41.2,
      "fg3a": 36.7
    },
    "conf": "NBA"
  },
  "Golden State Warriors": {
    "pts": 116.9,
    "fg3a": 44.5,
    "adj_off": 115.8,
    "adj_def": 112.8,
    "adj_t": 100.5,
    "four_factors": {
      "efg": 55.60000000000001,
      "tov": 15.4,
      "orb": 30.4,
      "ftr": 24.9718785151856
    },
    "allowed": {
      "pts": 114.0,
      "ast": 26.7,
      "reb": 44.3,
      "fg3a": 35.7
    },
    "conf": "NBA"
  },
  "Houston Rockets": {
    "pts": 117.0,
    "fg3a": 30.7,
    "adj_off": 118.9,
    "adj_def": 112.4,
    "adj_t": 96.86,
    "four_factors": {
      "efg": 54.2,
      "tov": 15.8,
      "orb": 40.699999999999996,
      "ftr": 27.373068432671083
    },
    "allowed": {
      "pts": 110.5,
      "ast": 24.2,
      "reb": 38.6,
      "fg3a": 35.6
    },
    "conf": "NBA"
  },
  "Indiana Pacers": {
    "pts": 110.1,
    "fg3a": 36.5,
    "adj_off": 107.9,
    "adj_def": 116.0,
    "adj_t": 101.52,
    "four_factors": {
      "efg": 51.300000000000004,
      "tov": 14.099999999999998,
      "orb": 27.500000000000004,
      "ftr": 26.98768197088466
    },
    "allowed": {
      "pts": 118.3,
      "ast": 25.2,
      "reb": 47.1,
      "fg3a": 33.4
    },
    "conf": "NBA"
  },
  "LA Clippers": {
    "pts": 112.3,
    "fg3a": 36.0,
    "adj_off": 115.5,
    "adj_def": 116.8,
    "adj_t": 96.66,
    "four_factors": {
      "efg": 55.300000000000004,
      "tov": 15.5,
      "orb": 28.499999999999996,
      "ftr": 29.55367913148371
    },
    "allowed": {
      "pts": 113.8,
      "ast": 26.3,
      "reb": 42.4,
      "fg3a": 37.0
    },
    "conf": "NBA"
  },
  "Los Angeles Lakers": {
    "pts": 116.3,
    "fg3a": 34.1,
    "adj_off": 116.9,
    "adj_def": 117.3,
    "adj_t": 99.39,
    "four_factors": {
      "efg": 56.699999999999996,
      "tov": 15.2,
      "orb": 29.9,
      "ftr": 32.73596176821983
    },
    "allowed": {
      "pts": 116.5,
      "ast": 27.6,
      "reb": 40.4,
      "fg3a": 36.7
    },
    "conf": "NBA"
  },
  "Memphis Grizzlies": {
    "pts": 115.1,
    "fg3a": 38.2,
    "adj_off": 112.8,
    "adj_def": 113.9,
    "adj_t": 101.46,
    "four_factors": {
      "efg": 52.900000000000006,
      "tov": 15.0,
      "orb": 32.0,
      "ftr": 26.015367727771682
    },
    "allowed": {
      "pts": 116.0,
      "ast": 26.7,
      "reb": 44.9,
      "fg3a": 40.1
    },
    "conf": "NBA"
  },
  "Miami Heat": {
    "pts": 119.5,
    "fg3a": 36.2,
    "adj_off": 113.7,
    "adj_def": 112.8,
    "adj_t": 104.75,
    "four_factors": {
      "efg": 53.7,
      "tov": 13.600000000000001,
      "orb": 28.999999999999996,
      "ftr": 25.85470085470086
    },
    "allowed": {
      "pts": 118.3,
      "ast": 27.2,
      "reb": 47.5,
      "fg3a": 40.0
    },
    "conf": "NBA"
  },
  "Milwaukee Bucks": {
    "pts": 112.4,
    "fg3a": 37.3,
    "adj_off": 113.0,
    "adj_def": 116.1,
    "adj_t": 99.06,
    "four_factors": {
      "efg": 56.89999999999999,
      "tov": 14.899999999999999,
      "orb": 25.5,
      "ftr": 24.384525205158265
    },
    "allowed": {
      "pts": 115.6,
      "ast": 27.1,
      "reb": 44.7,
      "fg3a": 38.1
    },
    "conf": "NBA"
  },
  "Minnesota Timberwolves": {
    "pts": 120.1,
    "fg3a": 37.9,
    "adj_off": 117.5,
    "adj_def": 112.9,
    "adj_t": 101.31,
    "four_factors": {
      "efg": 56.3,
      "tov": 13.8,
      "orb": 30.9,
      "ftr": 29.40516273849607
    },
    "allowed": {
      "pts": 115.0,
      "ast": 26.0,
      "reb": 43.1,
      "fg3a": 34.8
    },
    "conf": "NBA"
  },
  "New Orleans Pelicans": {
    "pts": 114.9,
    "fg3a": 31.5,
    "adj_off": 112.2,
    "adj_def": 119.2,
    "adj_t": 101.54,
    "four_factors": {
      "efg": 52.5,
      "tov": 14.299999999999999,
      "orb": 31.3,
      "ftr": 27.533039647577095
    },
    "allowed": {
      "pts": 122.2,
      "ast": 28.9,
      "reb": 45.2,
      "fg3a": 41.1
    },
    "conf": "NBA"
  },
  "New York Knicks": {
    "pts": 117.9,
    "fg3a": 39.8,
    "adj_off": 118.9,
    "adj_def": 115.9,
    "adj_t": 99.14,
    "four_factors": {
      "efg": 54.900000000000006,
      "tov": 13.900000000000002,
      "orb": 33.5,
      "ftr": 24.725274725274726
    },
    "allowed": {
      "pts": 114.9,
      "ast": 25.2,
      "reb": 42.0,
      "fg3a": 39.0
    },
    "conf": "NBA"
  },
  "Oklahoma City Thunder": {
    "pts": 121.4,
    "fg3a": 37.0,
    "adj_off": 118.3,
    "adj_def": 105.2,
    "adj_t": 101.41,
    "four_factors": {
      "efg": 56.599999999999994,
      "tov": 12.0,
      "orb": 25.3,
      "ftr": 27.00892857142857
    },
    "allowed": {
      "pts": 108.0,
      "ast": 24.5,